City_ID,City,Country,Lat,Lng,Max Temp,Humidity,Cloudiness,Wind Speed,Description
0,Punta Arenas,CL,-53.15,-70.9167,57.2,41,20,19.57,few clouds
1,Nazare,BR,-13.035,-39.0144,94.8,39,93,8.21,overcast clouds
2,Tasiilaq,GL,65.6145,-37.6368,32.0,93,75,44.87,snow
3,Carnarvon,AU,-24.8667,113.6333,80.6,100,40,11.5,scattered clouds
4,Rikitea,PF,-23.1203,-134.9692,77.47,75,100,13.15,overcast clouds
5,Bluff,NZ,-46.6,168.3333,53.92,85,19,3.31,few clouds
6,Vaini,TO,-21.2,-175.2,73.4,100,90,11.5,overcast clouds
7,Asau,RO,46.4333,26.4,30.0,76,100,3.2,overcast clouds
8,Hobart,AU,-42.8794,147.3294,57.99,82,75,6.91,broken clouds
9,Traverse City,US,44.7631,-85.6206,12.2,79,90,10.36,snow
10,Iqaluit,CA,63.7506,-68.5145,23.0,86,75,19.57,broken clouds
11,Ushuaia,AR,-54.8,-68.3,51.8,50,20,18.41,few clouds
12,Kapaa,US,22.0752,-159.319,59.0,82,40,8.05,scattered clouds
13,Kavaratti,IN,10.5669,72.642,81.21,66,0,10.0,clear sky
14,Saskylakh,RU,71.9167,114.0833,-36.08,81,76,5.03,broken clouds
15,Chokurdakh,RU,70.6333,147.9167,-18.65,87,97,4.85,overcast clouds
16,Georgetown,MY,5.4112,100.3354,84.2,74,20,5.75,few clouds
17,Changji,CN,44.0167,87.3167,12.2,92,90,2.24,fog
18,Albany,US,42.6001,-73.9662,35.01,37,80,11.7,broken clouds
19,Penzance,GB,50.1186,-5.5371,44.6,81,75,9.22,broken clouds
20,Thompson,CA,55.7435,-97.8558,-34.6,67,75,9.22,snow
21,Buritizeiro,BR,-17.3511,-44.9622,78.93,82,95,8.3,overcast clouds
22,Avarua,CK,-21.2078,-159.775,75.2,94,20,2.3,few clouds
23,Atuona,PF,-9.8,-139.0333,80.17,77,57,22.41,broken clouds
24,Leningradskiy,RU,69.3833,178.4167,-13.34,79,74,6.46,broken clouds
25,Pangnirtung,CA,66.1451,-65.7125,15.8,79,75,8.05,broken clouds
26,Hermanus,ZA,-34.4187,19.2345,73.0,79,20,4.0,few clouds
27,Hilo,US,19.7297,-155.09,60.8,67,1,6.91,clear sky
28,Qaqortoq,GL,60.7167,-46.0333,32.0,29,1,14.97,clear sky
29,Jamestown,US,42.097,-79.2353,21.0,62,1,21.85,clear sky
30,Cape Town,ZA,-33.9258,18.4232,75.0,68,20,19.57,few clouds
31,Tiznit,MA,29.5833,-9.5,52.12,68,85,16.73,overcast clouds
32,Inhambane,MZ,-23.865,35.3833,86.0,70,40,9.22,scattered clouds
33,Namibe,AO,-15.1961,12.1522,74.3,74,28,11.21,scattered clouds
34,Gizo,SB,-8.103,156.8419,82.13,78,75,13.65,moderate rain
35,Inirida,CO,3.8653,-67.9239,85.01,75,74,2.08,broken clouds
36,Berlevag,NO,70.8578,29.0864,26.55,93,100,23.44,light snow
37,Tarakan,ID,3.3,117.6333,79.75,80,49,5.73,scattered clouds
38,New Norfolk,AU,-42.7826,147.0587,57.99,73,12,1.99,few clouds
39,Casper,US,42.8666,-106.3131,10.99,78,90,5.75,overcast clouds
40,Dawlatabad,AF,36.4141,64.9053,54.91,41,54,7.99,broken clouds
41,Adrar,MR,20.5022,-10.0711,70.57,23,43,14.97,scattered clouds
42,Verkhnevilyuysk,RU,63.4453,120.3167,-32.96,83,33,2.68,scattered clouds
43,Turtas,RU,58.9417,69.1325,34.16,95,100,12.1,overcast clouds
44,Mogadishu,SO,2.0371,45.3438,77.45,78,0,19.48,clear sky
45,Dawei,MM,14.0833,98.2,70.86,69,0,3.11,clear sky
46,Sao Filipe,CV,14.8961,-24.4956,71.28,70,8,16.2,clear sky
47,Narsaq,GL,60.9167,-46.05,32.0,29,1,14.97,clear sky
48,Busselton,AU,-33.65,115.3333,59.0,94,100,1.01,light rain
49,Hithadhoo,MV,-0.6,73.0833,82.02,76,100,15.1,overcast clouds
50,Barra Patuca,HN,15.8,-84.2833,83.84,68,44,9.8,scattered clouds
51,Havelock,US,34.8791,-76.9013,50.0,53,75,9.22,broken clouds
52,Constitucion,CL,-35.3333,-72.4167,65.08,71,84,4.18,broken clouds
53,Kodiak,US,57.79,-152.4072,24.8,68,1,9.55,clear sky
54,Tombouctou,ML,20.0,-3.0,84.34,15,97,14.54,overcast clouds
55,Los Llanos De Aridane,ES,28.6585,-17.9182,66.2,59,20,20.71,few clouds
56,Taoudenni,ML,22.6783,-3.9836,77.94,20,44,17.58,scattered clouds
57,Ituporanga,BR,-27.4144,-49.6025,87.01,37,0,1.01,clear sky
58,Tual,ID,-5.6667,132.75,83.97,75,100,21.0,light rain
59,Banjar,ID,-8.19,114.9675,77.0,100,20,2.3,few clouds
60,Adolfo Ruiz Cortines,MX,25.75,-108.75,59.0,72,1,5.97,clear sky
61,Mataura,NZ,-46.1927,168.8643,48.85,95,2,0.56,clear sky
62,Clyde River,CA,70.4692,-68.5914,-14.8,84,40,2.3,scattered clouds
63,Francia,HN,15.85,-85.5833,84.2,65,1,2.55,clear sky
64,Santa Rosa,PH,14.3122,121.1114,78.8,78,20,3.44,few clouds
65,Houston,US,29.7633,-95.3633,55.99,82,90,6.91,overcast clouds
66,Faanui,PF,-16.4833,-151.75,81.48,69,0,10.04,clear sky
67,Orange Cove,US,36.6244,-119.3137,44.6,100,1,0.69,mist
68,Huangnihe,CN,43.5583,128.0239,-0.54,90,37,6.38,scattered clouds
69,Jasper,US,37.2001,-94.3502,41.0,60,90,5.75,overcast clouds
70,Vangaindrano,MG,-23.35,47.6,80.29,84,100,8.75,moderate rain
71,La Ronge,CA,55.1001,-105.2842,-29.2,68,2,5.75,clear sky
72,Lodja,CD,-3.4833,23.4333,72.55,85,84,2.44,light rain
73,Aasiaat,GL,68.7098,-52.8699,11.59,83,49,14.34,scattered clouds
74,Lavrentiya,RU,65.5833,-171.0,-4.02,82,81,6.15,broken clouds
75,Port Alfred,ZA,-33.5906,26.891,75.99,88,18,4.0,few clouds
76,Almazar,UZ,40.3217,69.0106,48.2,43,90,4.47,light rain
77,Victoria,HK,22.2855,114.1577,66.99,70,0,3.98,clear sky
78,Kalabo,ZM,-14.97,22.6814,77.63,66,40,4.05,scattered clouds
79,Luoyang,CN,34.6836,112.4536,49.86,40,25,3.06,scattered clouds
80,Pospelikha,RU,51.95,81.7667,27.7,95,0,10.0,clear sky
81,Tongling,CN,30.95,117.7833,49.69,78,0,4.29,clear sky
82,Erzin,TR,36.9559,36.2,62.01,83,0,1.7,clear sky
83,Ochakiv,UA,46.6128,31.5498,26.6,86,40,8.95,light snow
84,Mar Del Plata,AR,-38.0023,-57.5575,69.8,64,75,14.97,broken clouds
85,Yellowknife,CA,62.456,-114.3525,-42.0,65,1,4.34,fog
86,Kidal,ML,18.4411,1.4078,86.99,12,65,12.21,broken clouds
87,Barrow,US,71.2906,-156.7887,-0.4,71,90,10.36,overcast clouds
88,Batonyterenye,HU,47.9696,19.8408,35.78,88,100,4.83,overcast clouds
89,Cibitoke,BI,-2.8833,29.25,66.47,81,78,3.65,broken clouds
90,Raudeberg,NO,61.9875,5.1352,28.4,50,0,8.05,clear sky
91,Sistranda,NO,63.7256,8.834,23.0,80,75,12.66,light snow
92,Kavieng,PG,-2.5744,150.7967,81.82,71,96,2.51,overcast clouds
93,Gimli,CA,50.6336,-96.9907,-20.2,63,99,14.97,overcast clouds
94,Tiarei,PF,-17.5333,-149.3333,77.0,83,75,13.8,light rain
95,Saint-Pierre,RE,-21.3393,55.4781,82.4,74,90,4.61,moderate rain
96,Skjervoy,NO,70.0311,20.9714,29.82,93,100,20.38,light snow
97,Kamaishi,JP,39.2667,141.8833,40.12,84,83,4.25,light rain
98,Bethel,US,41.3712,-73.414,39.99,44,1,16.11,clear sky
99,Bredasdorp,ZA,-34.5322,20.0403,75.2,60,12,17.27,few clouds
100,Hirschaid,DE,49.8194,10.9908,46.0,60,100,9.08,light rain
101,Khalkhal,IR,37.6189,48.5258,36.63,86,97,3.96,overcast clouds
102,Salalah,OM,17.0151,54.0924,75.2,69,40,8.05,scattered clouds
103,Lasa,IT,46.6166,10.7002,43.0,93,20,10.36,few clouds
104,Half Moon Bay,US,37.4636,-122.4286,52.0,93,20,3.44,mist
105,Labuhan,ID,-6.8844,112.2051,78.64,85,74,11.41,broken clouds
106,Shache,CN,38.4167,77.2406,33.39,75,12,4.32,few clouds
107,Aklavik,CA,68.2191,-135.0107,-27.4,68,20,2.3,few clouds
108,Baykit,RU,61.67,96.37,5.4,91,100,4.16,light snow
109,Tiksi,RU,71.6872,128.8694,-25.64,85,100,6.67,overcast clouds
110,North Myrtle Beach,US,33.816,-78.68,48.99,53,90,5.75,overcast clouds
111,Yerbogachen,RU,61.2767,108.0108,-11.97,90,89,3.2,overcast clouds
112,Phuthaditjhaba,ZA,-28.5242,28.8158,63.73,81,99,1.7,moderate rain
113,Sambava,MG,-14.2667,50.1667,79.38,78,30,1.95,scattered clouds
114,San-Pedro,CI,4.7485,-6.6363,83.08,77,47,9.19,scattered clouds
115,Takoradi,GH,4.8845,-1.7554,83.07,78,38,10.78,scattered clouds
116,Swan Hill,AU,-35.3378,143.5544,63.82,67,0,10.49,clear sky
117,Morant Bay,JM,17.8815,-76.4093,88.0,66,20,27.63,few clouds
118,Tuktoyaktuk,CA,69.4541,-133.0374,-16.6,76,90,16.11,snow
119,Middelburg,ZA,-25.7751,29.4648,63.97,91,100,4.18,light rain
120,Bambous Virieux,MU,-20.3428,57.7575,80.01,83,20,5.75,few clouds
121,Maumere,ID,-8.6199,122.2111,79.11,79,83,2.66,broken clouds
122,Norman Wells,CA,65.282,-126.8329,-34.6,67,40,4.61,scattered clouds
123,Ponta Do Sol,PT,32.6667,-17.1,60.8,63,40,9.22,scattered clouds
124,Saint-Philippe,RE,-21.3585,55.7679,82.4,74,90,4.61,moderate rain
125,Westport,US,41.1415,-73.3579,41.0,60,1,11.5,clear sky
126,Zwedru,LR,6.0667,-8.1281,90.14,51,77,3.47,broken clouds
127,Amga,RU,60.8953,131.9608,-29.25,83,100,0.78,overcast clouds
128,Mahebourg,MU,-20.4081,57.7,78.8,83,20,5.75,few clouds
129,Jinchang,CN,38.4953,102.1739,30.43,70,0,4.47,clear sky
130,Ola,RU,59.5833,151.2833,3.83,87,100,12.15,overcast clouds
131,Biltine,TD,14.5333,20.9167,75.81,16,1,12.21,clear sky
132,Shetpe,KZ,44.1667,52.1167,32.77,84,37,12.97,scattered clouds
133,Ramnagar,IN,29.4,79.1167,53.55,51,0,3.71,clear sky
134,Florencia,IT,43.7667,11.25,60.01,72,0,1.14,clear sky
135,Carballo,ES,43.213,-8.691,50.0,72,14,5.99,few clouds
136,Shebunino,RU,46.4339,141.8603,11.12,88,91,6.58,overcast clouds
137,Fortuna,US,40.5982,-124.1573,46.0,100,90,3.11,overcast clouds
138,Makurdi,NG,7.7411,8.5121,98.87,9,0,5.5,clear sky
139,Yenagoa,NG,4.9247,6.2642,86.67,63,3,11.32,clear sky
140,De-Kastri,RU,51.4667,140.7833,-2.47,89,97,9.28,overcast clouds
141,Tukrah,LY,32.5341,20.5791,63.73,54,59,8.12,broken clouds
142,Mahibadhoo,MV,3.7833,72.9667,81.36,78,41,11.83,scattered clouds
143,Yelizovo,RU,53.1873,158.3805,23.0,63,100,22.37,light snow
144,Chandler,US,33.3062,-111.8412,59.0,53,1,3.11,clear sky
145,Jalu,LY,29.0331,21.5482,66.58,30,55,8.43,broken clouds
146,Provideniya,RU,64.3833,-173.3,2.08,92,71,4.09,broken clouds
147,Kindu,CD,-2.95,25.95,73.53,89,93,2.37,light rain
148,Olafsvik,IS,64.8945,-23.7142,36.0,78,100,17.52,overcast clouds
149,Watertown,US,42.3709,-71.1828,39.99,41,20,18.41,few clouds
150,Petrozavodsk,RU,61.7849,34.3469,10.4,79,99,8.95,light snow
151,Karimganj,IN,24.8667,92.35,61.3,49,0,3.78,clear sky
152,Touros,BR,-5.1989,-35.4608,89.6,45,40,14.97,scattered clouds
153,Roma,US,43.2128,-75.4557,28.4,46,75,9.22,broken clouds
154,Kampong Thum,KH,12.7111,104.8887,80.19,51,76,5.39,broken clouds
155,Port Elizabeth,ZA,-33.918,25.5701,73.4,83,75,14.97,broken clouds
156,Qaanaaq,GL,77.484,-69.3632,11.07,88,100,7.56,overcast clouds
157,Chuy,UY,-33.6971,-53.4616,81.66,48,0,10.11,clear sky
158,East London,ZA,-33.0153,27.9116,77.0,88,75,6.91,broken clouds
159,Una,IN,20.8167,71.0333,69.6,27,0,8.79,clear sky
160,Gazanjyk,TM,39.2446,55.5154,48.81,79,95,2.86,overcast clouds
161,Bengkulu,ID,-3.8004,102.2655,76.48,82,82,5.48,broken clouds
162,Harper,LR,4.375,-7.7169,82.92,75,45,9.33,scattered clouds
163,Save,BJ,8.0425,2.486,101.39,16,76,2.46,broken clouds
164,Kirakira,SB,-10.4544,161.9205,79.61,81,96,5.48,overcast clouds
165,Caranavi,BO,-15.8167,-67.55,83.14,43,46,3.74,scattered clouds
166,Eenhana,NA,-17.4667,16.3333,83.44,49,97,3.62,overcast clouds
167,Seoul,KR,37.5683,126.9778,46.4,87,75,6.91,mist
168,Matara,LK,5.9485,80.5353,76.59,87,93,9.91,overcast clouds
169,San Cristobal,VE,7.7669,-72.225,86.0,54,40,6.91,scattered clouds
170,Merrill,US,45.1805,-89.6835,0.0,60,1,10.36,clear sky
171,Khatanga,RU,71.9667,102.5,-36.74,77,0,5.86,clear sky
172,Kieta,PG,-6.2167,155.6333,80.01,79,92,7.83,overcast clouds
173,Port Hawkesbury,CA,45.6169,-61.3485,48.0,76,1,16.11,clear sky
174,Ribeira Grande,PT,38.5167,-28.7,60.8,88,75,24.16,broken clouds
175,Borujerd,IR,33.8973,48.7516,43.63,78,100,1.79,overcast clouds
176,Saint George,US,37.1041,-113.5841,46.99,48,1,6.91,clear sky
177,Wanning,CN,18.8003,110.3967,67.93,89,3,4.54,clear sky
178,Puerto Ayora,EC,-0.7393,-90.3518,82.4,74,40,9.22,scattered clouds
179,Cidreira,BR,-30.1811,-50.2056,75.94,62,56,10.4,broken clouds
180,Pisco,PE,-13.7,-76.2167,75.0,83,75,9.22,broken clouds
181,Severo-Kurilsk,RU,50.6789,156.125,20.12,94,100,16.04,light snow
182,Butaritari,KI,3.0707,172.7902,80.87,81,93,21.94,light rain
183,Biak,ID,-0.9131,122.8766,76.75,78,100,3.04,overcast clouds
184,Luderitz,NA,-26.6481,15.1594,76.1,47,0,29.57,clear sky
185,Zhenlai,CN,45.8495,123.2973,2.64,91,63,4.88,broken clouds
186,Mount Gambier,AU,-37.8333,140.7667,57.2,88,90,8.05,overcast clouds
187,Korla,CN,41.7597,86.1469,29.01,84,63,2.62,broken clouds
188,Havre-Saint-Pierre,CA,50.2334,-63.5986,30.2,100,90,14.97,snow
189,Fossombrone,IT,43.6908,12.8127,52.0,87,90,2.3,fog
190,Tazmalt,DZ,36.3868,4.3989,61.74,37,31,10.63,scattered clouds
191,Vila Velha,BR,-20.3297,-40.2925,82.4,74,20,14.97,few clouds
192,Barra Do Bugres,BR,-15.0725,-57.1811,89.51,49,25,3.8,scattered clouds
193,Beringovskiy,RU,63.05,179.3167,-9.11,88,1,7.0,clear sky
194,Campbellsville,US,37.3434,-85.3419,39.0,75,1,3.65,clear sky
195,Henties Bay,NA,-22.116,14.2845,66.0,86,16,1.99,few clouds
196,Talnakh,RU,69.4865,88.3972,-29.07,76,0,3.47,clear sky
197,Atikokan,CA,48.7555,-91.6216,-12.39,87,100,12.68,overcast clouds
198,Ippy,CF,6.2679,21.2247,84.69,15,86,4.34,overcast clouds
199,Dikson,RU,73.5069,80.5464,-29.22,86,43,9.75,scattered clouds
200,Kahului,US,20.8947,-156.47,62.6,77,40,4.61,scattered clouds
201,Nikolskoye,RU,59.7035,30.7861,10.99,85,90,13.42,snow
202,Mindelo,CV,16.8901,-24.9804,73.4,53,75,31.07,broken clouds
203,Abay,KZ,49.6311,72.8539,28.4,80,100,35.79,snow
204,Taylor,US,32.3001,-99.8337,52.0,34,1,17.27,clear sky
205,Lismore,AU,-28.8135,153.2773,69.8,94,75,5.75,broken clouds
206,Noumea,NC,-22.2763,166.4572,78.01,94,20,1.14,few clouds
207,Padang,ID,-0.9492,100.3543,75.2,88,20,2.3,few clouds
208,Iracoubo,GF,5.4802,-53.2011,79.63,84,91,14.99,overcast clouds
209,Sijunjung,ID,-0.6876,100.9537,72.84,87,74,1.68,broken clouds
210,Yulara,AU,-25.2406,130.9889,78.8,31,18,8.05,few clouds
211,Vao,NC,-22.6667,167.4833,77.2,87,1,8.08,clear sky
212,Mehamn,NO,71.0357,27.8492,25.72,94,100,19.71,light snow
213,Gangarampur,IN,25.4,88.5167,61.39,54,68,6.02,broken clouds
214,Broome,US,42.2506,-75.833,30.0,40,40,20.71,scattered clouds
215,Cherskiy,RU,68.75,161.3,-9.9,81,0,7.09,clear sky
216,Ust-Tsilma,RU,65.441,52.1498,-19.05,86,97,9.75,overcast clouds
217,Okhotsk,RU,59.3833,143.3,2.26,90,100,8.72,overcast clouds
218,Dakar,SN,14.6937,-17.4441,68.0,64,0,19.57,clear sky
219,Pevek,RU,69.7008,170.3133,-1.64,86,100,2.24,overcast clouds
220,Sampit,ID,-2.5333,112.95,75.06,96,94,1.68,light rain
221,Ilulissat,GL,69.2167,-51.1,19.4,38,40,21.85,snow
222,Semey,KZ,50.4111,80.2275,25.05,91,0,19.46,clear sky
223,Serebryansk,KZ,49.6925,83.2892,30.2,74,40,8.95,scattered clouds
224,Alta Floresta,BR,-9.8756,-56.0861,82.4,78,90,8.05,overcast clouds
225,At-Bashi,KG,41.1702,75.8106,25.05,78,97,0.76,overcast clouds
226,Kaitangata,NZ,-46.2817,169.8464,50.04,93,3,2.93,clear sky
227,Cabo San Lucas,MX,22.8909,-109.9124,73.0,72,1,3.44,clear sky
228,Torbay,CA,47.6666,-52.7314,37.99,80,90,5.75,overcast clouds
229,Ngama,TD,11.7833,17.1667,83.55,14,0,10.07,clear sky
230,Gorodets,RU,56.6514,43.475,-2.0,78,75,11.18,light snow
231,Nicolas Bravo,MX,18.45,-88.9167,82.4,83,40,9.22,scattered clouds
232,Tromso,NO,69.6496,18.957,26.6,74,75,5.75,light snow
233,Nador,MA,35.174,-2.9287,60.8,59,0,8.05,clear sky
234,Klaksvik,FO,62.2266,-6.589,33.8,69,75,19.57,broken clouds
235,Dingle,PH,10.9995,122.6711,74.98,91,71,8.25,broken clouds
236,Arraial Do Cabo,BR,-22.9661,-42.0278,77.0,73,75,2.3,broken clouds
237,Lorengau,PG,-2.0226,147.2712,81.55,79,49,5.55,light rain
238,Sur,OM,22.5667,59.5289,64.8,60,0,7.02,clear sky
239,Tias,ES,28.9611,-13.645,64.4,55,40,16.11,scattered clouds
240,Shelburne,CA,44.0787,-80.2041,18.0,67,90,16.11,overcast clouds
241,Sereflikochisar,TR,38.9393,33.5386,52.81,44,0,5.82,clear sky
242,Kiruna,SE,67.8557,20.2251,1.4,85,20,5.95,few clouds
243,Mahajanga,MG,-15.7167,46.3167,82.4,74,40,5.75,scattered clouds
244,Bay-Khaak,RU,51.1667,94.5,1.47,89,7,2.24,clear sky
245,Bambanglipuro,ID,-7.95,110.2833,77.72,85,100,3.13,overcast clouds
246,Palmer,US,42.1584,-72.3287,39.99,51,40,21.85,scattered clouds
247,Lumeje,AO,-11.55,20.7833,73.44,80,56,8.21,moderate rain
248,Hami,CN,42.8,93.45,31.8,80,100,4.0,overcast clouds
249,Metro,ID,-5.1131,105.3067,75.34,92,100,6.24,overcast clouds
250,San Carlos De Bariloche,AR,-41.1456,-71.3082,91.0,20,0,5.75,clear sky
251,Anloga,GH,5.7947,0.8973,89.6,70,20,14.97,few clouds
252,Praia,CV,14.9215,-23.5087,73.4,56,75,25.32,broken clouds
253,Wolgast,DE,54.05,13.7667,27.0,69,35,1.99,scattered clouds
254,Betsiamites,CA,48.9413,-68.646,28.4,86,90,19.57,light snow
255,Jacareacanga,BR,-6.2222,-57.7528,78.98,92,100,3.2,overcast clouds
256,Sao Jose Da Coroa Grande,BR,-8.8978,-35.1478,85.21,61,46,13.56,scattered clouds
257,Yorkton,CA,51.2167,-102.4677,-25.6,68,1,13.8,clear sky
258,Espirito Santo Do Pinhal,BR,-22.1158,-46.6828,77.0,65,75,7.87,broken clouds
259,Esperance,AU,-33.8667,121.9,59.0,88,90,11.5,overcast clouds
260,Garowe,SO,8.4054,48.4845,73.71,58,0,16.75,clear sky
261,Puerto Escondido,MX,15.85,-97.0667,84.2,70,40,4.61,scattered clouds
262,Guerrero Negro,MX,27.9769,-114.0611,63.12,64,0,6.51,clear sky
263,Iquitos,PE,-3.7481,-73.2472,84.2,70,75,2.3,broken clouds
264,Upernavik,GL,72.7868,-56.1549,20.59,81,100,6.51,overcast clouds
265,Ferrol,ES,43.4832,-8.2369,50.0,61,9,5.99,clear sky
266,Ancud,CL,-41.8697,-73.8203,77.0,35,0,13.8,clear sky
267,Scarborough,GB,54.2797,-0.4044,37.0,92,100,10.0,overcast clouds
268,Chulman,RU,56.8479,124.9104,-20.92,85,100,2.68,overcast clouds
269,Valparaiso,CL,-33.0393,-71.6273,63.0,100,90,5.75,mist
270,Iquique,CL,-20.2208,-70.1431,77.0,50,0,16.11,clear sky
271,Lata,PT,40.1629,-8.3327,57.99,73,86,3.0,overcast clouds
272,Hobyo,SO,5.3505,48.5268,77.99,72,2,12.86,clear sky
273,Hualmay,PE,-11.0964,-77.6139,74.79,67,93,8.97,overcast clouds
274,Acaponeta,MX,22.4964,-105.3594,79.79,38,42,4.07,scattered clouds
275,Milkovo,RU,54.7167,158.6167,6.58,94,100,4.05,overcast clouds
276,Safford,US,32.834,-109.7076,52.0,45,1,3.44,clear sky
277,Souillac,MU,-20.5167,57.5167,78.8,83,20,5.75,few clouds
278,Kodinsk,RU,58.6881,99.1844,9.66,94,100,4.59,light snow
279,Kabompo,ZM,-13.5927,24.2008,72.91,78,70,2.64,broken clouds
280,Belaya Gora,RU,68.5333,146.4167,-30.46,83,52,1.9,broken clouds
281,Taraza,CO,7.5836,-75.4007,91.51,51,100,4.23,overcast clouds
282,Ostrovnoy,RU,68.0531,39.5131,13.6,94,100,12.39,light snow
283,Lokomotivnyy,RU,53.0118,60.5684,16.52,95,97,24.49,overcast clouds
284,Pacific Grove,US,36.6177,-121.9166,48.99,81,1,8.52,clear sky
285,Vila Franca Do Campo,PT,37.7167,-25.4333,59.0,88,40,17.27,scattered clouds
286,Weligama,LK,5.9667,80.4167,76.89,86,93,6.06,overcast clouds
287,Slave Lake,CA,55.2834,-114.769,-25.6,75,40,5.75,scattered clouds
288,Airai,TL,-8.9266,125.4092,60.89,97,100,2.13,overcast clouds
289,Moerai,PF,-22.4333,-151.3333,80.6,73,0,11.45,light rain
290,Tefe,BR,-3.3542,-64.7114,84.2,84,75,6.91,broken clouds
291,San Patricio,US,28.017,-97.5169,64.4,88,90,6.91,overcast clouds
292,Makokou,GA,0.5738,12.8642,79.39,72,100,2.75,light rain
293,Avera,US,33.194,-82.5271,50.0,46,90,5.75,overcast clouds
294,Nishihara,JP,26.1842,127.7558,68.0,88,40,1.14,scattered clouds
295,Santa Maria,BR,-29.6842,-53.8069,75.2,57,20,4.61,few clouds
296,Colonelganj,IN,27.1333,81.7,55.87,53,0,8.52,clear sky
297,Fez,MA,34.0372,-4.9998,50.0,87,75,11.5,broken clouds
298,General Roca,AR,-39.0333,-67.5833,77.0,47,0,9.22,clear sky
299,Broken Hill,AU,-31.95,141.4333,66.2,63,50,10.36,scattered clouds
300,Ambon,ID,-3.6954,128.1814,78.8,89,40,5.75,scattered clouds
301,Nouadhibou,MR,20.931,-17.0347,71.6,49,0,19.57,clear sky
302,Nome,US,64.5011,-165.4064,15.8,86,90,6.91,overcast clouds
303,Castro,BR,-24.7911,-50.0119,76.26,50,0,7.45,clear sky
304,Florence,IT,43.7667,11.25,60.01,72,0,1.14,clear sky
305,Epernay,FR,49.05,3.95,46.4,93,90,5.75,overcast clouds
306,Geraldton,AU,-28.7667,114.6,69.8,94,90,20.71,overcast clouds
307,Meadow Lake,US,34.8014,-106.5436,45.0,38,1,10.36,clear sky
308,Krasnoselkup,RU,65.7,82.4667,1.15,93,100,13.65,light snow
309,Rafsanjan,IR,30.4067,55.9939,58.03,30,29,3.36,scattered clouds
310,Pemberton,CA,50.3164,-122.8027,32.0,100,90,9.22,light snow
311,Beyneu,KZ,45.3167,55.2,29.5,86,0,13.96,clear sky
312,Khonsa,IN,27.0167,95.5667,52.12,87,33,4.25,scattered clouds
313,Caborca,MX,30.5838,-111.101,59.83,31,0,1.9,clear sky
314,Jinxiang,CN,27.4327,120.6062,56.64,84,93,4.61,overcast clouds
315,Bilma,NE,18.6853,12.9164,73.09,19,31,7.36,scattered clouds
316,Caledonia,US,42.8078,-87.9242,8.01,66,1,9.22,clear sky
317,Alofi,NU,-19.0595,-169.9187,77.0,88,100,6.91,overcast clouds
318,Hervey Bay,AU,-25.2986,152.8535,75.0,80,100,1.01,overcast clouds
319,Scottsbluff,US,41.8666,-103.6672,14.0,73,90,11.5,light snow
320,Katsuura,JP,35.1333,140.3,46.99,87,20,11.5,few clouds
321,Popondetta,PG,-8.7537,148.2534,74.64,92,100,2.53,overcast clouds
322,Mount Isa,AU,-20.7333,139.5,73.4,100,40,6.91,moderate rain
323,Buala,SB,-8.145,159.5921,80.4,81,98,11.74,light rain
324,Taltal,CL,-25.4,-70.4833,69.13,61,18,6.17,few clouds
325,Kirksville,US,40.1948,-92.5833,19.4,68,90,8.05,light snow
326,Along,IN,28.1667,94.7667,53.76,52,5,1.95,clear sky
327,Mount Pleasant,US,32.7941,-79.8626,52.0,71,90,6.91,overcast clouds
328,Imeni Poliny Osipenko,RU,52.4201,136.4853,-5.48,91,100,6.24,overcast clouds
329,Mednogorsk,RU,51.4128,57.595,6.03,94,100,23.38,overcast clouds
330,Margate,GB,51.3813,1.3862,45.0,91,99,3.0,light rain
331,Hamilton,US,39.1834,-84.5333,28.99,46,1,4.16,clear sky
332,Tuatapere,NZ,-46.1333,167.6833,51.58,86,1,3.74,clear sky
333,Moose Factory,CA,51.2585,-80.6094,3.2,66,90,18.41,light snow
334,Sayyan,YE,15.1718,44.3244,50.77,70,0,3.24,clear sky
335,Zheleznodorozhnyy,RU,55.7503,38.0042,3.99,66,40,17.9,scattered clouds
336,Solnechnyy,RU,50.7214,136.6319,-6.27,89,100,2.48,overcast clouds
337,Derzhavinsk,KZ,51.1,66.3167,34.38,97,100,22.01,light snow
338,The Valley,AI,18.217,-63.0578,78.8,88,40,12.66,scattered clouds
339,Menongue,AO,-14.6585,17.691,74.28,75,100,3.2,overcast clouds
340,Lebu,CL,-37.6167,-73.65,62.8,77,87,6.15,overcast clouds
341,Turukhansk,RU,65.8167,87.9833,-5.75,91,100,17.05,light snow
342,Puerto Madryn,AR,-42.7692,-65.0385,66.43,53,46,17.43,scattered clouds
343,Nanortalik,GL,60.1432,-45.2371,24.37,79,0,4.81,clear sky
344,Lydenburg,ZA,-25.0978,30.4597,61.0,97,100,1.99,light rain
345,Brae,GB,60.3964,-1.353,35.6,51,90,23.02,overcast clouds
346,Waru,ID,-7.0468,112.4048,78.8,89,40,11.5,scattered clouds
347,Gat,IL,31.61,34.7642,63.0,100,17,3.36,few clouds
348,Nuuk,GL,64.1835,-51.7216,24.01,41,0,25.99,clear sky
349,Griffith,US,41.5284,-87.4237,10.4,61,1,6.91,clear sky
350,Pontes E Lacerda,BR,-15.2261,-59.3353,90.52,43,28,3.91,scattered clouds
351,Kapoeta,SS,4.7717,33.5903,85.44,16,34,7.29,scattered clouds
352,Sombrerete,MX,23.6333,-103.65,62.28,26,0,8.59,clear sky
353,Lambarene,GA,-0.7001,10.2406,79.99,85,74,4.03,moderate rain
354,Vardo,NO,70.3705,31.1107,23.0,74,40,18.41,snow
355,Shenjiamen,CN,29.9576,122.298,49.68,81,2,2.42,clear sky
356,Egvekinot,RU,66.3167,-179.1667,-8.09,81,99,7.92,overcast clouds
357,Rocha,UY,-34.4833,-54.3333,84.7,39,0,13.91,clear sky
358,Bonthe,SL,7.5264,-12.505,83.68,61,62,13.04,broken clouds
359,Lucapa,AO,-8.4192,20.7447,69.55,96,100,4.65,moderate rain
360,Porto Belo,BR,-27.1578,-48.5531,86.0,53,0,11.5,clear sky
361,Bowen,AU,-20.0167,148.2333,75.2,94,99,3.44,overcast clouds
362,Namtsy,RU,62.7161,129.6658,-41.8,60,99,4.47,fog
363,Spring Hill,US,28.4769,-82.5255,69.01,77,90,11.5,overcast clouds
364,Xuanhua,CN,40.6103,115.0447,25.57,83,0,7.25,clear sky
365,Lagoa,PT,39.05,-27.9833,59.61,90,100,20.94,overcast clouds
366,Haga,NL,52.0767,4.2986,37.4,87,90,18.41,overcast clouds
367,Kenora,CA,49.8167,-94.4337,-20.0,63,75,12.66,snow
368,Richards Bay,ZA,-28.783,32.0377,76.53,78,26,9.35,scattered clouds
369,Altay,CN,47.8667,88.1167,25.09,89,100,2.55,overcast clouds
370,La Vega,DO,19.2221,-70.5296,80.6,74,40,13.8,scattered clouds
371,Eyl,SO,7.9803,49.8164,75.87,81,0,15.86,clear sky
372,Ascheberg,DE,51.7833,7.6167,35.01,92,100,1.01,light snow
373,Codrington,AU,-38.2667,141.9667,58.3,79,91,15.03,overcast clouds
374,Gobabis,NA,-22.45,18.9667,82.94,36,60,13.42,broken clouds
375,Kupang,ID,-10.1667,123.5833,79.43,83,95,7.85,overcast clouds
376,Luzhou,CN,28.8724,105.4405,58.46,64,98,1.83,overcast clouds
377,Ajdabiya,LY,30.7554,20.2263,66.96,35,80,5.88,broken clouds
378,Bandiagara,ML,14.3501,-3.6104,97.54,9,31,1.54,scattered clouds
379,Hasaki,JP,35.7333,140.8333,41.0,81,20,8.05,few clouds
380,Sault Sainte Marie,CA,46.5168,-84.3333,12.2,67,1,16.11,light snow
381,Great Yarmouth,GB,52.6083,1.7305,41.0,93,90,18.41,mist
382,Nelson Bay,AU,-32.7167,152.15,70.0,100,40,6.06,light rain
383,Verkh-Usugli,RU,52.7,115.1667,-12.41,85,16,2.37,few clouds
384,Bairiki,KI,1.3292,172.9752,78.8,94,75,3.44,light rain
385,Benjamin Constant,BR,-4.3831,-70.0311,86.0,78,0,4.61,clear sky
386,Lajeado,BR,-29.4669,-51.9614,79.0,62,48,4.0,scattered clouds
387,Bereznik,RU,62.8551,42.7072,-5.13,90,100,7.9,overcast clouds
388,Tucurui,BR,-3.7661,-49.6725,91.42,45,14,4.23,few clouds
389,Balila,JO,32.3881,35.9351,55.4,76,20,9.22,few clouds
390,Niimi,JP,34.9833,133.4667,37.0,94,0,3.0,clear sky
391,Meulaboh,ID,4.1363,96.1285,79.48,81,63,3.36,broken clouds
392,Amfissa,GR,38.525,22.3731,63.0,71,0,3.0,clear sky
393,Takab,IR,36.4009,47.1133,37.72,87,100,2.26,overcast clouds
394,Machacamarca,BO,-18.1667,-67.0333,56.86,51,100,2.53,overcast clouds
395,Hofn,IS,64.2539,-15.2082,35.44,84,100,18.16,light rain
396,Dunedin,NZ,-45.8742,170.5036,57.99,86,4,2.15,clear sky
397,Kuryk,KZ,43.2,51.65,38.86,69,33,3.98,scattered clouds
398,Hirson,FR,49.9226,4.0826,45.0,33,97,9.04,light rain
399,Sechura,PE,-5.5569,-80.8222,82.04,52,92,6.55,overcast clouds
400,Polson,US,47.6936,-114.1632,27.0,51,100,1.52,light snow
401,Copiapo,CL,-27.3667,-70.3333,73.4,53,0,11.5,clear sky
402,Laguna,US,38.421,-121.4238,46.0,87,1,2.3,clear sky
403,Homer,US,59.6425,-151.5483,35.6,75,20,4.61,few clouds
404,Zhigansk,RU,66.7697,123.3711,-41.46,80,45,10.45,scattered clouds
405,Saint Anthony,US,45.0205,-93.218,-0.4,65,75,12.66,broken clouds
406,Wynyard,AU,-41.0,145.7167,61.0,85,97,5.01,overcast clouds
407,Cayenne,GF,4.9333,-52.3333,78.8,94,75,5.75,broken clouds
408,Hansi,IN,29.1,75.9667,55.09,41,0,4.14,clear sky
409,Talaya,RU,61.3833,152.75,-16.22,84,100,0.29,overcast clouds
410,Vila,PT,42.0304,-8.1588,46.0,81,80,6.64,broken clouds
411,Iwanai,JP,42.9744,140.5089,25.83,91,97,4.92,overcast clouds
412,Gold Coast,AU,-28.0,153.4333,73.99,88,100,4.61,overcast clouds
413,Marshfield,US,44.6689,-90.1718,0.0,65,20,13.8,few clouds
414,Namatanai,PG,-3.6667,152.4333,79.05,80,79,2.73,broken clouds
415,Channel-Port Aux Basques,CA,47.5702,-59.1367,38.3,96,100,19.39,overcast clouds
416,Viedma,AR,-40.8135,-62.9967,79.0,43,0,1.01,clear sky
417,Nova Olinda Do Norte,BR,-3.8881,-59.0942,90.32,57,78,3.27,light rain
418,Orissaare,EE,58.5592,23.0826,18.0,93,20,4.61,few clouds
419,San Rafael,AR,-34.6177,-68.3301,88.77,23,0,13.89,clear sky
420,Waipawa,NZ,-41.4122,175.5153,53.01,93,100,2.3,overcast clouds
421,Fayaoue,NC,-20.65,166.5333,79.39,78,7,7.94,clear sky
422,Middleton,GB,53.55,-2.2,41.0,81,98,1.99,light rain
423,Novikovo,RU,51.1537,37.8879,11.3,92,100,13.91,overcast clouds
424,Tezu,IN,27.9167,96.1667,61.38,31,5,3.87,clear sky
425,Lanigan,CA,51.8501,-105.0344,-23.8,69,0,8.05,clear sky
426,Poum,NC,-20.2333,164.0167,79.84,67,13,2.84,few clouds
427,Sernur,RU,56.9333,49.1536,-4.16,91,100,12.35,overcast clouds
428,Batemans Bay,AU,-35.7167,150.1833,64.0,91,0,3.27,clear sky
429,Lompoc,US,34.6391,-120.4579,55.0,81,1,5.75,clear sky
430,Yumen,CN,40.2833,97.2,27.27,74,52,2.33,broken clouds
431,Norton,ZW,-17.8833,30.7,73.0,71,100,3.0,overcast clouds
432,Nalut,LY,30.3333,10.85,73.99,18,100,11.25,overcast clouds
433,Willmar,US,45.1219,-95.0433,-2.2,59,1,24.16,clear sky
434,Isangel,VU,-19.55,169.2667,77.56,80,0,3.29,clear sky
435,Hongjiang,CN,27.11,109.9956,53.74,87,34,2.3,scattered clouds
436,Fonte Boa,BR,-2.4959,-66.2662,87.06,65,100,1.45,overcast clouds
437,Harer,ET,9.3094,42.1258,59.95,54,59,9.44,broken clouds
438,Ahipara,NZ,-35.1667,173.1667,58.5,87,84,4.05,broken clouds
439,Sandy Bay,AU,-42.913,147.3532,57.99,82,13,6.91,few clouds
440,Luganville,VU,-15.5333,167.1667,77.38,82,23,4.25,few clouds
441,Manokwari,ID,-0.8667,134.0833,78.78,82,100,5.68,overcast clouds
442,Portland,US,45.5234,-122.6762,43.0,81,90,5.75,overcast clouds
443,Patterson,US,37.4716,-121.1297,45.0,100,1,4.63,mist
444,Waddan,LY,29.1614,16.139,71.11,21,0,7.25,clear sky
445,Baghdad,IQ,33.3406,44.4009,57.2,94,90,9.22,overcast clouds
446,Arkadelphia,US,34.1209,-93.0538,46.99,70,90,11.25,overcast clouds
447,Hambantota,LK,6.1241,81.1185,73.4,100,90,6.91,overcast clouds
448,Walvis Bay,NA,-22.9575,14.5053,71.6,64,19,4.61,few clouds
449,Te Anau,NZ,-45.4167,167.7167,52.21,85,26,1.01,scattered clouds
450,Dharan,NP,26.8125,87.2835,56.12,69,46,4.14,scattered clouds
451,Ilhabela,BR,-23.7781,-45.3581,76.6,64,89,3.38,overcast clouds
452,Gotsu,JP,35.0,132.2167,47.5,84,6,9.46,clear sky
453,San Luis,AR,-33.295,-66.3356,87.44,22,0,5.66,clear sky
454,Noyabrsk,RU,63.1994,75.4507,17.22,97,100,7.94,light snow
455,Beian,NO,63.6559,9.5683,23.0,80,75,12.66,light snow
456,Radford,US,37.1318,-80.5764,39.99,60,1,9.22,clear sky
457,Eirunepe,BR,-6.6603,-69.8736,93.0,50,95,1.66,overcast clouds
458,Dinan,FR,48.4167,-2.25,46.0,70,0,10.36,clear sky
459,Galveston,US,29.3669,-94.9669,57.2,82,90,9.22,overcast clouds
460,Magadi,IN,12.9667,77.2333,69.8,46,0,5.75,clear sky
461,Qostanay,KZ,53.1667,63.5833,33.8,93,90,13.42,light snow
462,Bud,US,39.447,-86.1758,21.99,53,1,4.56,clear sky
463,Cerritos,US,33.8583,-118.0648,51.8,66,20,2.06,few clouds
464,Hue,VN,16.4667,107.6,69.8,94,40,3.44,scattered clouds
465,Zapolyarnyy,RU,69.4154,30.8136,24.8,80,90,17.27,light snow
466,Rio Gallegos,AR,-51.6226,-69.2181,60.8,31,40,14.97,scattered clouds
467,Shingu,JP,33.7333,135.9833,45.0,78,0,6.46,clear sky
468,Totskoye,RU,52.5248,52.7623,5.47,92,100,15.99,overcast clouds
469,Yar-Sale,RU,66.8333,70.8333,-30.8,84,100,13.56,overcast clouds
470,Jalingo,NG,8.8833,11.3667,91.87,11,5,5.44,clear sky
471,Maniitsoq,GL,65.4167,-52.9,24.93,78,0,11.88,clear sky
472,Mariestad,SE,58.7097,13.8237,17.01,92,4,1.14,clear sky
473,New Plymouth,NZ,-39.0667,174.0833,55.0,76,98,5.01,overcast clouds
474,Bongouanou,CI,6.6486,-4.1992,89.46,47,83,2.91,broken clouds
475,Karabudakhkent,RU,42.7087,47.5673,39.2,81,3,15.66,clear sky
476,Chippewa Falls,US,44.9369,-91.3929,0.0,60,20,11.5,few clouds
477,Tucumcari,US,35.1717,-103.725,44.6,29,1,10.36,clear sky
478,Curup,ID,-3.4667,102.5333,67.17,89,97,3.31,overcast clouds
479,San Quintin,MX,30.4833,-115.95,60.1,67,0,2.62,clear sky
480,Kangaatsiaq,GL,68.3065,-53.4641,16.63,82,19,17.92,few clouds
481,Pak Phanang,TH,8.3511,100.202,77.4,81,68,5.55,broken clouds
482,Oranjemund,NA,-28.55,16.4333,67.35,81,0,18.99,clear sky
483,Juneau,US,58.3019,-134.4197,21.2,79,40,4.61,scattered clouds
484,Bereda,ES,43.2686,-7.5406,46.0,80,47,17.0,scattered clouds
485,Ornskoldsvik,SE,63.2909,18.7153,21.2,86,20,6.91,few clouds
486,San Clemente,US,33.427,-117.612,51.8,71,1,2.42,clear sky
487,Bosaso,SO,11.2842,49.1816,74.8,71,0,3.09,clear sky
488,Oum Hadjer,TD,13.2954,19.6966,71.92,17,14,5.01,few clouds
489,Zhaotong,CN,27.3167,103.7167,40.28,80,14,6.8,few clouds
490,Sitka,US,57.0531,-135.33,35.6,93,90,12.66,light snow
491,Port Lincoln,AU,-34.7333,135.8667,60.62,82,78,13.58,broken clouds
492,Araouane,ML,18.9048,-3.5265,85.55,14,100,14.52,overcast clouds
493,Great Falls,US,47.5002,-111.3008,0.0,78,90,9.22,light snow
494,Presidencia Roque Saenz Pena,AR,-26.7852,-60.4388,93.94,21,0,5.12,clear sky
495,Alyangula,AU,-13.8483,136.4192,78.8,100,40,18.41,moderate rain
496,Tessalit,ML,20.1986,1.0114,88.07,11,99,13.51,overcast clouds
497,Saint Pete Beach,US,27.7253,-82.7412,71.01,1,86,1.01,overcast clouds
498,Diamantino,BR,-14.4086,-56.4461,87.42,56,44,6.44,scattered clouds
499,Butte,US,39.6499,-121.5677,51.01,75,1,5.75,clear sky
500,Gamba,GA,-2.65,10.0,81.23,85,86,8.14,light rain
501,Baruun-Urt,MN,46.6806,113.2792,-8.3,84,0,6.73,clear sky
502,Pangody,RU,65.85,74.4859,-21.14,87,98,11.95,overcast clouds
503,Antalaha,MG,-14.9003,50.2788,78.4,77,57,1.57,broken clouds
504,Uruguaiana,BR,-29.7547,-57.0883,80.6,50,0,4.61,clear sky
505,Ankpa,NG,7.3706,7.6253,94.5,12,0,3.87,clear sky
506,Saldanha,ZA,-33.0117,17.9442,75.2,64,20,18.41,few clouds
507,Shirokiy,RU,49.758,129.523,-17.9,87,82,7.29,broken clouds
508,Xai-Xai,MZ,-25.0519,33.6442,77.4,80,98,7.18,overcast clouds
509,Bathsheba,BB,13.2167,-59.5167,84.2,54,40,21.85,scattered clouds
510,Chilca,PE,-12.5211,-76.7372,77.0,78,0,8.05,clear sky
511,San Jose,US,37.3394,-121.895,53.01,87,1,1.3,clear sky
512,Hailey,US,43.5196,-114.3153,17.6,73,1,4.61,clear sky
513,Cabra,ES,37.4725,-4.4421,51.01,82,51,4.0,broken clouds
514,Sola,VU,-13.8833,167.55,81.7,75,5,6.26,clear sky
515,Careiro Da Varzea,BR,-3.2003,-59.8119,80.6,74,75,11.5,moderate rain
516,Moyale,KE,3.5167,39.0584,79.52,35,5,6.73,clear sky
517,Toyooka,JP,35.5333,134.8333,44.35,79,0,4.83,clear sky
518,Byron Bay,AU,-28.65,153.6167,69.8,94,96,1.81,overcast clouds
519,Kenai,US,60.5544,-151.2583,10.99,85,1,6.29,clear sky
520,Beloslav,BG,43.1833,27.7,44.6,100,90,5.75,mist
521,Graham,US,47.0529,-122.2943,44.01,87,90,8.05,light intensity drizzle
522,Areia Branca,BR,-4.9561,-37.1369,87.91,53,15,16.28,few clouds
523,Sioux Lookout,CA,50.1001,-91.917,-14.8,64,90,12.66,snow
524,Vanimo,PG,-2.6741,141.3028,77.07,85,99,4.29,moderate rain
525,Venice,US,27.0998,-82.4543,77.0,88,75,14.97,mist
526,Teahupoo,PF,-17.8333,-149.2667,77.0,83,75,13.8,moderate rain
527,Huarmey,PE,-10.0681,-78.1522,75.9,64,86,9.71,overcast clouds
528,Mecca,SA,21.4267,39.8261,69.53,48,49,11.99,scattered clouds
529,Dovolnoye,RU,54.4958,79.6671,30.06,98,100,14.72,overcast clouds
530,Lima,PE,-12.0432,-77.0282,77.0,78,0,8.05,clear sky
531,Sompeta,IN,18.9333,84.6,70.48,62,0,4.09,clear sky
532,Istok,XK,42.7808,20.4875,59.0,41,0,14.97,clear sky
533,Perth,AU,-31.9333,115.8333,64.4,77,90,16.11,light rain
534,Anse-Bertrand,GP,16.4721,-61.5078,82.4,65,75,11.5,broken clouds
535,Batagay,RU,67.6333,134.6333,-26.81,84,100,1.5,overcast clouds
536,Kholmy,UA,51.871,32.6006,5.4,93,95,9.73,overcast clouds
537,Pandan,PH,14.0453,124.1694,78.62,87,58,11.25,broken clouds
538,Benguela,AO,-12.5763,13.4055,78.78,70,3,8.75,clear sky
539,Rongcheng,CN,30.634,117.8517,49.96,81,0,1.83,clear sky
540,Strezhevoy,RU,60.7333,77.5889,32.0,93,90,11.18,overcast clouds
541,Ponta Delgada,PT,37.7333,-25.6667,59.0,88,40,17.27,scattered clouds
542,Mayumba,GA,-3.432,10.6554,80.78,79,75,5.84,broken clouds
543,Karratha,AU,-20.7377,116.8463,78.58,76,16,11.12,few clouds
544,Wukari,NG,7.85,9.7833,95.47,10,0,5.77,clear sky
545,Kautokeino,NO,69.0125,23.0412,12.16,93,74,6.69,broken clouds
546,Banyo,CM,6.75,11.8167,82.44,18,0,4.27,clear sky
547,Hokitika,NZ,-42.7167,170.9667,55.9,89,2,3.2,clear sky
548,Khani,GE,41.9563,42.9566,51.8,54,90,8.05,overcast clouds
549,Bichena,ET,10.45,38.2,59.36,32,19,9.98,few clouds
550,Mingaora,PK,34.7758,72.3625,48.52,44,0,4.81,clear sky
551,Alice Springs,AU,-23.7,133.8833,77.0,31,42,6.91,scattered clouds
552,Ust-Maya,RU,60.4167,134.5333,-26.45,85,100,1.36,overcast clouds
553,Marrakesh,MA,31.6315,-8.0083,51.8,82,75,10.36,broken clouds
554,Itaituba,BR,-4.2761,-55.9836,91.4,62,20,9.22,few clouds
555,Sukumo,JP,32.9333,132.7333,46.06,85,1,5.86,clear sky
556,Cravo Norte,CO,6.3017,-70.2041,93.27,40,100,10.51,overcast clouds
557,Zirandaro,MX,18.45,-100.9833,89.89,36,20,1.01,few clouds
558,Hoquiam,US,46.9809,-123.8893,46.99,93,90,23.02,light rain
559,Xining,CN,36.6167,101.7667,23.92,64,95,1.72,overcast clouds
560,Chapais,CA,49.7834,-74.8492,17.6,67,75,14.97,broken clouds
561,Port Macquarie,AU,-31.4333,152.9167,70.0,99,74,5.55,broken clouds
562,Praia Da Vitoria,PT,38.7333,-27.0667,64.4,77,40,11.68,scattered clouds
563,Zyryanka,RU,65.75,150.85,-22.31,82,13,8.5,few clouds
564,Sapulpa,US,35.9987,-96.1142,48.2,53,75,10.36,broken clouds
565,Pauini,BR,-7.7136,-66.9764,89.62,56,91,1.61,overcast clouds
566,Dembi Dolo,ET,8.5333,34.8,69.13,26,61,5.93,broken clouds
567,Vaitape,PF,-16.5167,-151.75,81.48,69,0,10.13,clear sky
568,Dabat,ET,12.9842,37.765,46.71,49,42,2.77,scattered clouds
569,Kysyl-Syr,RU,63.8986,122.7617,-37.89,81,46,5.1,scattered clouds
570,Topolobampo,MX,25.6,-109.05,59.0,72,1,2.82,clear sky
571,Tucuman,AR,-26.8241,-65.2226,84.2,54,0,6.91,clear sky
572,Penticton,CA,49.4806,-119.5858,37.4,87,75,2.3,broken clouds
573,Vasilsursk,RU,56.1275,46.0072,-2.25,92,100,11.27,overcast clouds
574,Mohpa,IN,21.3167,78.8167,69.8,43,0,2.3,haze
575,Stepnyak,KZ,52.8339,70.7803,28.47,96,100,16.02,overcast clouds
576,Luleburgaz,TR,41.4039,27.3592,50.0,100,7,3.44,clear sky
577,Rawah,IQ,34.4816,41.9093,58.32,73,67,7.45,broken clouds
578,Jiuquan,CN,39.7432,98.5174,28.99,67,24,1.21,few clouds
579,Kyabram,AU,-36.3167,145.05,61.0,68,6,7.78,clear sky
580,Rosario,AR,-32.9468,-60.6393,90.0,39,0,3.44,clear sky
581,Quatre Cocos,MU,-20.2078,57.7625,80.01,83,20,5.75,few clouds
582,Cairns,AU,-16.9167,145.7667,78.8,89,90,8.05,overcast clouds
583,Rantauprapat,ID,2.1,99.8333,74.43,83,84,2.57,broken clouds
584,Lundazi,ZM,-12.2929,33.1782,69.96,89,100,3.76,overcast clouds
585,Sulangan,PH,11.1373,123.7228,80.37,81,16,15.79,few clouds
586,Urumqi,CN,43.801,87.6005,12.2,92,75,2.24,mist
587,Narok,KE,-1.0783,35.8601,63.73,75,100,2.73,light rain
588,Flinders,AU,-34.5833,150.8552,64.99,87,0,1.01,clear sky
589,Oistins,BB,13.0667,-59.5333,84.2,54,40,21.85,scattered clouds
590,Varberg,SE,57.1056,12.2508,19.0,82,0,5.99,clear sky
591,Finschhafen,PG,-6.6024,147.8681,81.32,81,97,10.87,light rain
592,Champerico,GT,14.3,-91.9167,86.0,39,0,4.61,clear sky
593,Palana,RU,59.1167,159.9667,11.05,93,100,13.2,overcast clouds
594,Kruisfontein,ZA,-34.0033,24.7314,73.0,79,0,1.99,clear sky
595,Bandarbeyla,SO,9.4942,50.8122,76.93,78,15,13.29,few clouds
596,Nanakuli,US,21.3906,-158.1547,62.6,82,75,3.44,broken clouds
597,Ambanja,MG,-13.6833,48.45,77.0,86,100,0.69,light rain
598,Freeport,US,40.6576,-73.5832,43.0,42,1,19.57,clear sky
599,Moscow,RU,55.7522,37.6156,3.99,71,100,11.18,light snow
600,Lufilufi,WS,-13.8745,-171.5986,80.01,88,100,17.0,light rain
601,Fairbanks,US,64.8378,-147.7164,-9.4,77,90,1.01,light snow
602,Grindavik,IS,63.8424,-22.4338,35.6,75,75,17.27,broken clouds
603,Nouakchott,MR,18.0858,-15.9785,77.0,23,100,18.41,dust
604,Grand Gaube,MU,-20.0064,57.6608,80.01,77,39,3.0,scattered clouds
605,Laje,BR,-10.1833,-40.9667,93.54,30,47,9.55,scattered clouds
606,Hohhot,CN,40.8106,111.6522,19.4,68,0,7.52,clear sky
607,Emerald,AU,-23.5333,148.1667,84.2,65,100,8.05,overcast clouds
608,Raga,SS,8.4596,25.678,72.88,20,98,5.1,overcast clouds
609,Tsuyama,JP,35.05,134.0,37.0,94,0,2.08,clear sky
610,Lovozero,RU,68.005,35.0117,19.76,96,100,17.36,overcast clouds
611,Odweyne,SO,9.4092,45.064,71.19,59,15,8.5,few clouds
612,Kargasok,RU,59.0556,80.8572,33.84,97,100,12.15,overcast clouds
613,Fort Morgan,US,40.2503,-103.8,23.0,80,90,12.66,overcast clouds
614,Ayagoz,KZ,47.9714,80.4392,17.67,89,0,2.15,clear sky
615,Kholtoson,RU,50.2981,103.3097,-4.47,83,0,3.18,clear sky
616,Taraz,KZ,42.9,71.3667,59.0,26,90,26.84,overcast clouds
617,Maarianhamina,AX,60.0973,19.9348,19.4,93,100,2.3,light snow
618,Kemijarvi,FI,66.7131,27.4306,15.33,95,60,9.35,broken clouds
619,Vung Tau,VN,10.346,107.0843,77.29,75,46,18.48,scattered clouds
620,Lumphat,KH,13.4878,106.9816,73.04,67,98,9.48,overcast clouds
621,Dongsheng,CN,39.8161,109.9776,21.87,86,0,7.52,clear sky
622,Saint Marys,US,30.7305,-81.5465,50.0,94,90,16.11,light rain
623,Sinnamary,GF,5.3833,-52.95,79.99,84,89,15.64,overcast clouds
624,Comodoro Rivadavia,AR,-45.8667,-67.5,60.8,67,75,20.71,broken clouds
625,Samarai,PG,-10.6167,150.6667,82.33,77,100,6.08,overcast clouds
626,Marapanim,BR,-0.7175,-47.6997,87.71,62,38,8.63,scattered clouds
627,Oranjestad,AW,12.524,-70.027,84.2,61,20,24.16,few clouds
628,Novobeysugskaya,RU,45.472,39.8861,29.88,99,100,2.3,snow
629,Maceio,BR,-9.6658,-35.7353,91.4,55,20,17.27,few clouds
630,Santa Cruz De Tenerife,ES,28.4682,-16.2546,60.01,94,75,25.32,broken clouds
631,Saint Simons,US,31.1352,-81.3901,51.01,93,90,11.5,light rain
632,Wangjing,IN,24.6,94.0333,51.58,66,7,0.98,clear sky
633,La Libertad,EC,-2.2333,-80.9,86.0,58,0,2.3,clear sky
634,Conchal,BR,-22.3303,-47.1725,86.0,51,75,11.5,broken clouds
635,Vestmanna,FO,62.1564,-7.1664,33.8,69,75,19.57,broken clouds
636,Kloulklubed,PW,7.0419,134.2556,78.8,94,75,9.22,light rain
637,Qandala,SO,11.472,49.8728,75.43,74,12,3.33,few clouds
638,Hay River,CA,60.8156,-115.7999,-41.8,66,91,2.3,overcast clouds
639,Mazatlan,MX,23.2167,-106.4167,70.0,83,90,3.44,fog
640,Tautira,PF,-17.7333,-149.15,77.0,83,75,13.8,moderate rain
641,Ortona,IT,42.3496,14.4039,52.0,93,40,5.75,scattered clouds
642,Methoni,GR,36.8197,21.7049,62.01,88,20,1.95,few clouds
643,Medina Del Campo,ES,41.3124,-4.9141,46.99,87,90,10.36,overcast clouds
644,Acapulco,MX,16.8634,-99.8901,82.4,65,1,4.61,clear sky
645,Moron,AR,-34.6534,-58.6198,91.0,30,0,4.0,clear sky
646,Paris,FR,48.8534,2.3488,46.99,100,90,8.05,light rain
647,Kpandae,GH,8.4689,-0.0113,101.66,14,15,4.68,few clouds
648,Yenangyaung,MM,20.4667,94.8833,70.43,54,47,2.55,scattered clouds
649,Heihe,CN,50.2441,127.4902,-14.8,76,0,2.24,clear sky
650,Batagay-Alyta,RU,67.8006,130.4114,-25.31,84,100,1.66,overcast clouds
651,Shelton,US,41.3165,-73.0932,41.0,60,1,11.5,clear sky
652,Prince Rupert,CA,54.3161,-130.3201,37.4,87,90,5.75,overcast clouds
653,Vostok,RU,46.4856,135.8833,-11.34,91,100,2.62,overcast clouds
654,Vysokogornyy,RU,50.1167,139.15,-15.97,87,92,2.93,overcast clouds
655,Davila,PH,18.4726,120.5763,75.9,81,2,10.83,clear sky
656,Paidha,UG,2.4167,30.9855,71.33,29,26,3.24,scattered clouds
657,Alcudia,ES,39.8532,3.1214,60.8,82,20,10.36,few clouds
658,Trairi,BR,-3.2778,-39.2689,88.05,55,42,13.27,scattered clouds
659,Sorland,NO,67.667,12.6934,34.81,83,100,25.72,overcast clouds
660,Hays,US,30.0502,-98.0336,55.0,100,90,5.75,mist
661,Kasamwa,TZ,-2.85,32.4333,68.58,73,69,1.77,broken clouds
662,Cacoal,BR,-11.4386,-61.4472,78.01,86,100,4.18,light rain
663,Mayo,US,38.8876,-76.5119,50.0,36,1,3.44,clear sky
664,Libato,PH,13.8151,121.3346,75.99,89,66,5.01,broken clouds
665,Moree,AU,-29.4667,149.85,71.6,88,75,0.43,broken clouds
666,Ciudad Bolivar,VE,8.1222,-63.5497,91.87,35,100,10.42,overcast clouds
667,Kuopio,FI,62.8924,27.677,10.4,85,45,10.36,light snow
668,Encheng,CN,22.1839,112.3026,63.23,71,0,3.51,clear sky
669,Caravelas,BR,-17.7125,-39.2481,83.12,79,93,10.78,overcast clouds
670,Simbahan,PH,6.3032,120.5836,81.97,81,100,19.22,overcast clouds
671,Leeuwarden,NL,53.2014,5.8086,34.0,74,90,23.02,overcast clouds
672,Josefina,PH,8.2,123.5333,69.48,94,100,3.44,overcast clouds
673,Abnub,EG,27.2696,31.1511,66.2,59,0,10.36,clear sky
674,Tonekabon,IR,36.8163,50.8738,53.6,94,90,2.3,overcast clouds
675,Ewa Beach,US,21.3156,-158.0072,62.6,82,75,3.44,broken clouds
676,Saint-Francois,FR,46.4154,3.9054,48.99,93,0,4.61,clear sky
677,Florianopolis,BR,-27.6146,-48.5012,84.0,47,0,16.11,clear sky
678,Kondinskoye,RU,59.6481,67.41,34.61,97,100,12.39,overcast clouds
679,Stara Synyava,UA,49.6032,27.6191,25.47,81,75,6.91,broken clouds
680,Mana,GF,5.6592,-53.7767,80.58,81,78,14.92,broken clouds
681,Enshi,CN,30.3,109.4833,52.18,74,64,1.03,broken clouds
682,Talas,TR,38.6908,35.5538,42.8,61,0,1.14,clear sky
